username,passwd,first_name,last_name,dob
tpardue0,NI5yBZhDlz1,Tamarra,Pardue,7/29/2017
hickovici1,CQXGC2qt4,Herbert,Ickovici,11/23/2005
cmeller2,8bl0q2ebdCk,Codie,Meller,11/1/2015
nbanfield3,d11ck4RdVG,Nolie,Banfield,1/12/2013
mlamminam4,SJ02JZMYr,Maddie,Lamminam,10/3/2011
ckarpeev5,46ycA9ykwG4,Cris,Karpeev,1/19/2015
bpleasance6,GYmfAa,Becka,Pleasance,10/25/2013
vcoade7,qslHjpe,Valaria,Coade,10/14/2021
cbazek8,3OtXaISnN,Casey,Bazek,7/14/2008
kcovell9,noNn9LsU1MgN,Kahaleel,Covell,3/4/2010
bjohanssena,W3hKro,Bernadene,Johanssen,4/6/2006
cfilchakovb,qbXpJm6c8IIq,Caspar,Filchakov,4/20/2012
srehorekc,zQGHLPY5Fld,Sergent,Rehorek,4/8/2016
pcongreved,rc22cSNbq3r,Percival,Congreve,9/22/2005
mwatkisse,6OAo99d,Maddi,Watkiss,1/20/2021
wwilacotf,Kv7FN2wlw4Jv,Wiley,Wilacot,10/15/2007
fspranklingg,uTD16mpB,Flem,Sprankling,6/3/2020
fpitkethlyh,HSMzFcuEGpGQ,Fremont,Pitkethly,1/27/2021
nbovingdoni,9Bn22y,Neale,Bovingdon,5/24/2008
jmccourtiej,ywY9XdTwkxd,Judd,McCourtie,4/7/2014
staff1@gmail.com,passwd1,Jerry,Fu,7/1/1999